GROUP,PACKAGE,CLASS,INSTRUCTION_MISSED,INSTRUCTION_COVERED,BRANCH_MISSED,BRANCH_COVERED,LINE_MISSED,LINE_COVERED,COMPLEXITY_MISSED,COMPLEXITY_COVERED,METHOD_MISSED,METHOD_COVERED
ims,com.qa.ims.exceptions,OrderNotFoundException,0,3,0,0,0,1,0,1,0,1
ims,com.qa.ims.exceptions,CustomerNotFoundException,0,3,0,0,0,1,0,1,0,1
ims,com.qa.ims.exceptions,ItemNotFoundException,0,3,0,0,0,1,0,1,0,1
ims,com.qa.ims.controller,UpdateOrderAction,0,130,0,4,0,22,0,7,0,5
ims,com.qa.ims.controller,ItemController,0,134,0,2,0,33,0,7,0,6
ims,com.qa.ims.controller,Action,119,0,4,0,19,0,7,0,5,0
ims,com.qa.ims.controller,CustomerController,0,125,0,2,0,33,0,7,0,6
ims,com.qa.ims.controller,OrderController,0,357,1,21,0,82,1,19,0,7
ims,com.qa.ims,IMS,161,0,18,0,49,0,19,0,6,0
ims,com.qa.ims,Runner,16,0,0,0,6,0,3,0,3,0
ims,com.qa.ims.persistence.dao,CustomerDAO,0,241,0,6,0,69,0,12,0,9
ims,com.qa.ims.persistence.dao,OrderDAO,10,559,2,22,4,130,2,20,0,10
ims,com.qa.ims.persistence.dao,ItemDAO,0,243,0,6,0,69,0,12,0,9
ims,com.qa.ims.utils,DBUtils,26,152,1,3,10,32,2,12,1,11
ims,com.qa.ims.utils,Utils,73,3,6,0,31,1,9,1,6,1
ims,com.qa.ims.persistence.domain,Order,31,355,8,34,10,70,8,36,2,21
ims,com.qa.ims.persistence.domain,Domain,116,0,2,0,17,0,6,0,5,0
ims,com.qa.ims.persistence.domain,Item,2,135,1,15,1,26,1,19,0,12
ims,com.qa.ims.persistence.domain,Customer,2,192,1,31,1,49,1,27,0,12
